{"val_loss":0.5523602485656738,"learning_rate":0.0001,"epoch":5,"_wandb":{"runtime":384},"_runtime":384,"_timestamp":1.7564117352567227e+09,"_step":4,"train_loss":0.5065056628414563}