{"_runtime":502,"_step":4,"train_loss":0.5418680806954702,"val_loss":0.5998873114585876,"learning_rate":0.0001,"epoch":5,"_timestamp":1.756414659463565e+09,"_wandb":{"runtime":502}}