{"_wandb":{"runtime":961},"_runtime":961,"val_loss":0.49351925402879715,"learning_rate":0.0001,"epoch":10,"_timestamp":1.7563836825598776e+09,"_step":9,"train_loss":0.34936160732198646}