{"_wandb":{"runtime":943},"_runtime":943,"_step":9,"train_loss":0.2122883370944432,"val_loss":0.651337206363678,"learning_rate":0.0001,"epoch":10,"_timestamp":1.7563178049942718e+09}