{"_wandb":{"runtime":387},"_runtime":387,"_step":4,"train_loss":0.5101399277818615,"val_loss":0.5832380056381226,"learning_rate":0.0001,"epoch":5,"_timestamp":1.7564084240600517e+09}