{
  "MAPE": 29.268392033420003,
  "MAE": 0.055613356450611925,
  "RMSE": 0.06863822405227986,
  "MSE": 0.004711205801050969,
  "MASE": 8.049918694968103
}