{
  "MAPE": 26.040433029506016,
  "MAE": 0.047651270905121466,
  "RMSE": 0.059113848562667375,
  "MSE": 0.0034944470918899717,
  "MASE": 6.897423226716722
}