{
  "MAPE": 27.08957283909778,
  "MAE": 0.05453158872477909,
  "RMSE": 0.06333219879318552,
  "MSE": 0.004010967403979569,
  "MASE": 22.838019340321342
}