{
  "MAPE": 28.292371776331283,
  "MAE": 0.05347846686254637,
  "RMSE": 0.06641210764326148,
  "MSE": 0.00441056804162015,
  "MASE": 7.740897828336476
}