{
  "MAPE": 49.73894100410397,
  "MAE": 0.07097730039963424,
  "RMSE": 0.09096578923678887,
  "MSE": 0.008274774811471894,
  "MASE": 2.1625424261594963
}