{
  "MAPE": 26.743323163366085,
  "MAE": 0.04857991840347195,
  "RMSE": 0.059556748894488525,
  "MSE": 0.00354700633888116,
  "MASE": 7.031843037623939
}