{
  "MAPE": 52.269211180233874,
  "MAE": 0.07456024485267244,
  "RMSE": 0.09436686151395496,
  "MSE": 0.008905104551993955,
  "MASE": 2.271707882532755
}