{
  "MAPE": 47.94024899766708,
  "MAE": 0.06897123002639342,
  "RMSE": 0.0889138030073287,
  "MSE": 0.007905664365226056,
  "MASE": 2.101421303384063
}