{
  "MAPE": 19.350362740682897,
  "MAE": 0.040839159207410915,
  "RMSE": 0.04474333247293113,
  "MSE": 0.002001965800783253,
  "MASE": 74.44182338247481
}