{
  "MAPE": 44.34066947535143,
  "MAE": 0.06536280103256822,
  "RMSE": 0.08474804638412994,
  "MSE": 0.007182231365926641,
  "MASE": 1.9914793818542995
}