{
  "MAPE": 22.188717259637706,
  "MAE": 0.04524120012660141,
  "RMSE": 0.05263283319336728,
  "MSE": 0.0027702151299608246,
  "MASE": 18.94717222865685
}