{
  "MAPE": 51.658758692999896,
  "MAE": 0.07461846740145725,
  "RMSE": 0.09402599351359654,
  "MSE": 0.0088408874562189,
  "MASE": 2.2734818121017493
}