{
  "MAPE": 51.48267070552183,
  "MAE": 0.07406056799080324,
  "RMSE": 0.09376174379178961,
  "MSE": 0.008791264598877198,
  "MASE": 2.25648368540102
}