{
  "MAPE": 23.90067236279062,
  "MAE": 0.04845615047428342,
  "RMSE": 0.05675185572507284,
  "MSE": 0.0032207731282394825,
  "MASE": 20.293604634818735
}