{
  "MAPE": 57.721487847563544,
  "MAE": 0.08056944404953448,
  "RMSE": 0.1056057776923492,
  "MSE": 0.011152580282005881,
  "MASE": 2.4547966748267585
}