{
  "MAPE": 26.222661927140688,
  "MAE": 0.04687199123527997,
  "RMSE": 0.0581506635712325,
  "MSE": 0.003381499673774666,
  "MASE": 6.784624101052789
}