{
  "MAPE": 22.561444008444234,
  "MAE": 0.04502373584965949,
  "RMSE": 0.0529604824018597,
  "MSE": 0.0028048126962376915,
  "MASE": 18.85609743185065
}