{
  "MAPE": 45.25391362509439,
  "MAE": 0.0660939164296876,
  "RMSE": 0.0867580175564539,
  "MSE": 0.0075269536103259645,
  "MASE": 2.013755067965027
}