{
  "MAPE": 20.423336951710134,
  "MAE": 0.0437836450030943,
  "RMSE": 0.046881056989546824,
  "MSE": 0.002197833504457137,
  "MASE": 79.80904679765942
}