{
  "MAPE": 28.062662845577268,
  "MAE": 0.049810216751977665,
  "RMSE": 0.06405561899677258,
  "MSE": 0.0041031223250596926,
  "MASE": 7.209926187214446
}