{
  "MAPE": 16.09513420171632,
  "MAE": 0.03436163679294809,
  "RMSE": 0.03838531133902368,
  "MSE": 0.0014734321265937802,
  "MASE": 62.63456317213334
}