{"_timestamp":1.7563893096663735e+09,"_step":9,"train_loss":0.3633051311969757,"_wandb":{"runtime":2190},"_runtime":2190,"val_loss":0.4627981036901474,"learning_rate":0.0001,"epoch":10}