{"train_loss":0.5292027685148962,"val_loss":0.5881792455911636,"learning_rate":0.0001,"epoch":5,"_timestamp":1.756404379096192e+09,"_step":4,"_wandb":{"runtime":396},"_runtime":396}