{"val_loss":0.5987324714660645,"_wandb":{"runtime":9292},"_runtime":9292,"learning_rate":0.0001,"epoch":10,"_timestamp":1.7563825906784303e+09,"_step":9,"train_loss":0.5191744256902624}