{
  "MAPE": 33.744911193847656,
  "MAE": 0.06686517596244812,
  "RMSE": 0.075446717441082,
  "MSE": 0.005692207720130682,
  "MASE": 8.556251525878906
}