{
  "MAPE": 43.81869125366211,
  "MAE": 0.07443401962518692,
  "RMSE": 0.09568850696086884,
  "MSE": 0.00915629044175148,
  "MASE": 2.096949815750122
}