{
  "MAPE": 30.584203720092773,
  "MAE": 0.061757609248161316,
  "RMSE": 0.07494713366031647,
  "MSE": 0.005617072805762291,
  "MASE": 8.751509666442871
}