{
  "MAPE": 45.4678840637207,
  "MAE": 0.07468610256910324,
  "RMSE": 0.0952860563993454,
  "MSE": 0.009079432114958763,
  "MASE": 2.1430327892303467
}