{
  "MAPE": 45.532142639160156,
  "MAE": 0.07429136335849762,
  "RMSE": 0.09373894333839417,
  "MSE": 0.008786989375948906,
  "MASE": 2.1503920555114746
}