{
  "MAPE": 25.126726150512695,
  "MAE": 0.05076700448989868,
  "RMSE": 0.06586112827062607,
  "MSE": 0.004337688442319632,
  "MASE": 6.242053031921387
}