{
  "MAPE": 16.78864288330078,
  "MAE": 0.037387631833553314,
  "RMSE": 0.04379362612962723,
  "MSE": 0.0019178816583007574,
  "MASE": 14.806882858276367
}