{
  "MAPE": 45.55805206298828,
  "MAE": 0.07609814405441284,
  "RMSE": 0.09889118373394012,
  "MSE": 0.009779466316103935,
  "MASE": 2.1835498809814453
}