{
  "MAPE": 18.3414363861084,
  "MAE": 0.041355542838573456,
  "RMSE": 0.04760580137372017,
  "MSE": 0.002266312250867486,
  "MASE": 16.37832260131836
}