{
  "MAPE": 42.579917907714844,
  "MAE": 0.07490946352481842,
  "RMSE": 0.09639500826597214,
  "MSE": 0.009291998110711575,
  "MASE": 2.1103439331054688
}