{
  "MAPE": 16.418842315673828,
  "MAE": 0.036385662853717804,
  "RMSE": 0.04217807948589325,
  "MSE": 0.0017789903795346618,
  "MASE": 14.590084075927734
}