{
  "MAPE": 48.7756233215332,
  "MAE": 0.07661841809749603,
  "RMSE": 0.09483466297388077,
  "MSE": 0.00899361353367567,
  "MASE": 2.2177493572235107
}