{
  "MAPE": 40.4980354309082,
  "MAE": 0.07464008778333664,
  "RMSE": 0.09871623665094376,
  "MSE": 0.009744894690811634,
  "MASE": 2.102755069732666
}