{
  "MAPE": 24.159982681274414,
  "MAE": 0.0511491596698761,
  "RMSE": 0.06419402360916138,
  "MSE": 0.004120872355997562,
  "MASE": 7.040811061859131
}