{
  "MAPE": 43.0832633972168,
  "MAE": 0.07420387119054794,
  "RMSE": 0.09409670531749725,
  "MSE": 0.00885418988764286,
  "MASE": 2.090466022491455
}