{
  "MAPE": 47.5260124206543,
  "MAE": 0.07605918496847153,
  "RMSE": 0.09540766477584839,
  "MSE": 0.009102622978389263,
  "MASE": 2.2015621662139893
}