{
  "MAPE": 18.78888702392578,
  "MAE": 0.04285607114434242,
  "RMSE": 0.048579905182123184,
  "MSE": 0.0023600072599947453,
  "MASE": 16.972585678100586
}