{
  "MAPE": 29.98025131225586,
  "MAE": 0.05855416879057884,
  "RMSE": 0.07127325981855392,
  "MSE": 0.005079877097159624,
  "MASE": 8.297558784484863
}