{
  "MAPE": 30.696481704711914,
  "MAE": 0.06121614947915077,
  "RMSE": 0.07413093745708466,
  "MSE": 0.005495395511388779,
  "MASE": 8.67478084564209
}