{
  "MAPE": 35.36226272583008,
  "MAE": 0.06757631152868271,
  "RMSE": 0.07635464519262314,
  "MSE": 0.005830032285302877,
  "MASE": 8.647250175476074
}