{
  "MAPE": 47.439231872558594,
  "MAE": 0.07509837299585342,
  "RMSE": 0.09338949620723724,
  "MSE": 0.00872159842401743,
  "MASE": 2.17375111579895
}