{
  "MAPE": 30.81357765197754,
  "MAE": 0.05968550220131874,
  "RMSE": 0.07202386856079102,
  "MSE": 0.005187437403947115,
  "MASE": 8.457876205444336
}