{
  "MAPE": 44.26939010620117,
  "MAE": 0.07449620217084885,
  "RMSE": 0.09848121553659439,
  "MSE": 0.009698549285531044,
  "MASE": 2.1375839710235596
}