{
  "MAPE": 42.06026077270508,
  "MAE": 0.07292601466178894,
  "RMSE": 0.09633983671665192,
  "MSE": 0.009281364269554615,
  "MASE": 2.092529058456421
}