{
  "MAPE": 18.320253372192383,
  "MAE": 0.04038647934794426,
  "RMSE": 0.04746510833501816,
  "MSE": 0.0022529365960508585,
  "MASE": 15.994536399841309
}