{
  "MAPE": 31.958637237548828,
  "MAE": 0.07465004175901413,
  "RMSE": 0.08972172439098358,
  "MSE": 0.008049987256526947,
  "MASE": 9.552424430847168
}