{
  "MAPE": 34.984825134277344,
  "MAE": 0.06799773126840591,
  "RMSE": 0.07690799981355667,
  "MSE": 0.005914840381592512,
  "MASE": 8.701176643371582
}