{
  "MAPE": 25.85170555114746,
  "MAE": 0.05222156271338463,
  "RMSE": 0.06326469033956528,
  "MSE": 0.004002420697361231,
  "MASE": 7.188430309295654
}