{
  "MAPE": 26.07012176513672,
  "MAE": 0.05331873148679733,
  "RMSE": 0.06580570340156555,
  "MSE": 0.004330390132963657,
  "MASE": 7.339457988739014
}