{
  "MAPE": 26.131576538085938,
  "MAE": 0.052371952682733536,
  "RMSE": 0.06371381878852844,
  "MSE": 0.004059451166540384,
  "MASE": 7.209131717681885
}