{
  "MAPE": 45.86891174316406,
  "MAE": 0.08413814008235931,
  "RMSE": 0.10442498326301575,
  "MSE": 0.010904576629400253,
  "MASE": 2.1286509037017822
}