{"val_loss":0.5842857211828232,"learning_rate":0.0001,"epoch":5,"_timestamp":1.7564088467513878e+09,"_step":4,"_wandb":{"runtime":381},"_runtime":381,"train_loss":0.5148019132942989}