{"_step":4,"_wandb":{"runtime":373},"_runtime":373,"train_loss":0.35859243784632,"val_loss":0.4735010812679927,"learning_rate":0.0001,"epoch":5,"_timestamp":1.756404790918218e+09}