{"train_loss":0.37601854734950596,"val_loss":0.46429265290498734,"learning_rate":0.0001,"epoch":5,"_wandb":{"runtime":497},"_runtime":497,"_timestamp":1.7564152026249952e+09,"_step":4}