{"val_loss":0.5849747608105341,"learning_rate":0.0001,"epoch":5,"_timestamp":1.7564035201183648e+09,"_step":4,"train_loss":0.5095307919485815,"_wandb":{"runtime":730},"_runtime":730}