{"val_loss":0.48099789023399353,"learning_rate":0.0001,"epoch":5,"_timestamp":1.7564100762158835e+09,"_step":4,"train_loss":0.36211784716163364,"_wandb":{"runtime":366},"_runtime":366}