{"_runtime":372,"train_loss":0.5022501668759755,"val_loss":0.5631967604160308,"learning_rate":0.0001,"epoch":5,"_timestamp":1.7564109004110148e+09,"_step":4,"_wandb":{"runtime":372}}