{"_wandb":{"runtime":375},"_runtime":375,"train_loss":0.3438362755945751,"val_loss":0.42129690647125245,"learning_rate":0.0001,"epoch":5,"_timestamp":1.7564125635362957e+09,"_step":4}