{"_wandb":{"runtime":19078},"_runtime":19078,"_step":9,"train_loss":0.2762827553130962,"val_loss":0.2398772805929184,"learning_rate":0.0001,"epoch":10,"_timestamp":1.7563724754764564e+09}