{"_runtime":10595,"train_loss":0.3405794682247298,"val_loss":0.4263851284980774,"learning_rate":0.0001,"epoch":10,"_timestamp":1.7563523626506255e+09,"_step":9,"_wandb":{"runtime":10595}}