Expiry,MAPE,MAE,MSE,RMSE,MASE
1w,54.08275451081403,0.040138113775575905,0.003477478803428239,0.05897015180095977,1.0350716964713702
1m,11.077600104069948,0.023569394135663804,0.002408770107612836,0.04907922276903778,1.673863923950273
3m,8.462542440770486,0.01843745427654219,0.0008420404209202753,0.02901793274718713,3.4785344041608504
1y,11.745629259168844,0.023954704641003365,0.0009099993692172705,0.030166195802872966,9.27231498486171
