Expiry,MAPE,MAE,MSE,RMSE,MASE
1w,26.222517644100186,0.002561297636143226,1.3689642865313651e-05,0.0036999517382411426,1.0814589897983171
1m,10.478487484681033,0.0013941242654346084,5.35741590310427e-06,0.002314609233348962,1.6014637238784446
3m,8.28374209599406,0.0012020082567976017,3.500417199668907e-06,0.00187094019136607,2.9822871316774737
1y,11.8137384691301,0.0015988983018791756,3.6068984287875805e-06,0.001899183621661576,7.213603791092429
