Expiry,MAPE,MAE,MSE,RMSE,MASE
1w,28.608247915122607,0.0024604916493526185,1.2487377035118457e-05,0.0035337482982123187,1.0208631090429827
1m,11.578538341055314,0.0012862912441904016,2.9088222910788703e-06,0.001705526983392192,1.9819578484115679
3m,8.744305315228551,0.0010430813448777101,1.7620478400799778e-06,0.0013274215005340158,3.175787901100188
1y,4.6409580103012935,0.0006117787855165824,5.172414282427696e-07,0.0007191949862469633,8.405412565535723
