{"val_loss":0.4860728085041046,"learning_rate":0.0001,"epoch":5,"_timestamp":1.7564104834321597e+09,"_wandb":{"runtime":369},"_runtime":369,"_step":4,"train_loss":0.35969623178243637}