{"_step":4,"train_loss":0.5134359183056014,"val_loss":0.5610138416290283,"learning_rate":0.0001,"epoch":5,"_wandb":{"runtime":371},"_runtime":371,"_timestamp":1.7564113063420103e+09}