{"_runtime":443,"epoch":5,"_timestamp":1.7563067187955544e+09,"_step":4,"train_loss":2.7634052889687672,"val_loss":29.449796676635742,"learning_rate":0.0001,"_wandb":{"runtime":443}}