{"_runtime":521,"_step":4,"train_loss":0.522240306492205,"val_loss":0.6031155437231064,"learning_rate":0.0001,"epoch":5,"_timestamp":1.7564135514462628e+09,"_wandb":{"runtime":521}}