{"_step":4,"train_loss":0.5639416234833854,"val_loss":0.61295485496521,"learning_rate":0.0001,"_wandb":{"runtime":1451},"_runtime":1451,"epoch":5,"_timestamp":1.7563200960442948e+09}