{"_timestamp":1.756384805627655e+09,"_step":9,"train_loss":0.2697345052774136,"val_loss":0.3178694359958172,"learning_rate":0.0001,"epoch":10,"_wandb":{"runtime":1017},"_runtime":1017}