{"_runtime":490,"val_loss":0.4834202602505684,"learning_rate":0.0001,"epoch":5,"_timestamp":1.7564157382567225e+09,"_step":4,"train_loss":0.3577815537099485,"_wandb":{"runtime":490}}