{"_runtime":373,"_timestamp":1.7564121465365834e+09,"_step":4,"train_loss":0.34924557911498205,"val_loss":0.4277630507946014,"learning_rate":0.0001,"epoch":5,"_wandb":{"runtime":373}}