{"val_loss":0.3006499707698822,"learning_rate":0.0001,"epoch":5,"_timestamp":1.7564173301597562e+09,"_step":4,"_wandb":{"runtime":483},"_runtime":483,"train_loss":0.2823201005275433}