{"_runtime":286,"epoch":5,"_timestamp":1.7563370837147126e+09,"_step":4,"train_loss":0.5063043534755707,"val_loss":0.577026903629303,"learning_rate":0.0001,"_wandb":{"runtime":286}}