{"val_loss":0.5868222216765085,"learning_rate":0.0001,"epoch":5,"_timestamp":1.7564092707824867e+09,"_step":4,"train_loss":0.529667122610684,"_wandb":{"runtime":383},"_runtime":383}