{"_step":9,"train_loss":0.5044432846563203,"val_loss":0.5695491373538971,"_wandb":{"runtime":990},"_runtime":990,"learning_rate":0.0001,"epoch":10,"_timestamp":1.7563402258931623e+09}