Feature_Selection,Expiry,Total_Iterations,Train_Window_Size,Test_Window_Size,Step_Size,Avg_MAPE,Std_MAPE,Avg_MAE,Std_MAE,Avg_RMSE,Std_RMSE,Avg_MSE,Std_MSE,Avg_MASE,Std_MASE
LSTM_wf_best_metric_1w_exp,1w,13,1000,200,100,45.51363601726083,9.27380600993128,0.07480818495107003,0.026149637220185356,0.09493204917083645,0.036319952375717814,0.010331232900348517,0.008042711826138678,2.0615694988139217,0.3503862745176878
