Feature_Selection,Expiry,Total_Iterations,Train_Window_Size,Test_Window_Size,Step_Size,Avg_MAPE,Std_MAPE,Avg_MAE,Std_MAE,Avg_RMSE,Std_RMSE,Avg_MSE,Std_MSE,Avg_MASE,Std_MASE
LSTM_wf_best_10_1w_exp,1w,13,1000,200,100,50.2932738861651,14.738781930717783,0.07736158382991104,0.02445977299143013,0.09761233586984745,0.031827921965269054,0.010541184730595165,0.006060875816758254,2.1389284543894553,0.3804780792588359
