Feature_Selection,Expiry,Total_Iterations,Train_Window_Size,Test_Window_Size,Step_Size,Avg_MAPE,Std_MAPE,Avg_MAE,Std_MAE,Avg_RMSE,Std_RMSE,Avg_MSE,Std_MSE,Avg_MASE,Std_MASE
LSTM_wf_best_metric_1y_exp,1y,5,1000,200,100,28.709507869812796,8.901482916680646,0.08070782729617526,0.033046707555032875,0.08663433347936413,0.032290153363251424,0.00854816174163597,0.005744458768335931,107.79287491502767,41.45278087691814
