Feature_Selection,Expiry,Total_Iterations,Train_Window_Size,Test_Window_Size,Step_Size,Avg_MAPE,Std_MAPE,Avg_MAE,Std_MAE,Avg_RMSE,Std_RMSE,Avg_MSE,Std_MSE,Avg_MASE,Std_MASE
LSTM_wf_best_5_1m_exp,1m,12,1000,200,100,37.07765169842751,13.001866936735485,0.08028565981370869,0.040126666325832304,0.09489011834399917,0.04479612140623151,0.011010827052379997,0.00974812404607534,11.084020489398627,3.4476384409213914
