Feature_Selection,Expiry,Total_Iterations,Train_Window_Size,Test_Window_Size,Step_Size,Avg_MAPE,Std_MAPE,Avg_MAE,Std_MAE,Avg_RMSE,Std_RMSE,Avg_MSE,Std_MSE,Avg_MASE,Std_MASE
LSTM_wf_best_10_1y_exp,1y,5,1000,200,100,20.04128147032177,7.13459015688148,0.05411607246664725,0.017441759273514098,0.06347129941794327,0.020504372935600992,0.0044490351592844125,0.0021258684981151584,73.5527500160492,25.66475369724791
