Feature_Selection,Expiry,Total_Iterations,Train_Window_Size,Test_Window_Size,Step_Size,Avg_MAPE,Std_MAPE,Avg_MAE,Std_MAE,Avg_RMSE,Std_RMSE,Avg_MSE,Std_MSE,Avg_MASE,Std_MASE
LSTM_wf_vol_only_1y_exp,1y,3,1000,200,100,29.30713037786299,5.9951070993213955,0.06794629825252681,0.005007747232601115,0.07235526073989709,0.0049478754150086126,0.005259765227860941,0.0007121293864893654,93.97004907924395,9.73012276056643
