Feature_Selection,Expiry,Total_Iterations,Train_Window_Size,Test_Window_Size,Step_Size,Avg_MAPE,Std_MAPE,Avg_MAE,Std_MAE,Avg_RMSE,Std_RMSE,Avg_MSE,Std_MSE,Avg_MASE,Std_MASE
LSTM_wf_best_20_1m_exp,1m,12,1000,200,100,26.994631476906793,9.00262590115633,0.05816034214088383,0.027257531127392255,0.07179076693720719,0.03390343262950842,0.00630335696149602,0.006066340669539441,8.11209473602517,2.096262680103706
