Feature_Selection,Expiry,Total_Iterations,Train_Window_Size,Test_Window_Size,Step_Size,Avg_MAPE,Std_MAPE,Avg_MAE,Std_MAE,Avg_RMSE,Std_RMSE,Avg_MSE,Std_MSE,Avg_MASE,Std_MASE
LSTM_wf_best_10_3m_exp,3m,11,1000,200,100,21.58458369591459,7.2637128949441765,0.04970921679414304,0.023218005687331084,0.055966962370051214,0.02616001287848005,0.00381664715073297,0.0034524657787085816,19.94952439639333,5.912185072921489
