Feature_Selection,Expiry,Total_Iterations,Train_Window_Size,Test_Window_Size,Step_Size,Avg_MAPE,Std_MAPE,Avg_MAE,Std_MAE,Avg_RMSE,Std_RMSE,Avg_MSE,Std_MSE,Avg_MASE,Std_MASE
LSTM_wf_best_10_1m_exp,1m,12,1000,200,100,24.88464493628969,6.916423079115585,0.05584462270605272,0.029270395870996443,0.06887675241268808,0.036715187501784825,0.006092012016209948,0.005772851111495164,7.475217798759186,1.9740409764965305
