Feature_Selection,Expiry,Total_Iterations,Train_Window_Size,Test_Window_Size,Step_Size,Avg_MAPE,Std_MAPE,Avg_MAE,Std_MAE,Avg_RMSE,Std_RMSE,Avg_MSE,Std_MSE,Avg_MASE,Std_MASE
LSTM_wf_vol_only_3m_exp,3m,10,1000,200,100,21.694069041557345,12.308986464903144,0.05189710516303901,0.031092296093420336,0.06065868641220438,0.03254612030273645,0.004738726184014342,0.004562032202419252,20.488421372000225,11.8788659142055
