Feature_Selection,Expiry,Total_Iterations,Train_Window_Size,Test_Window_Size,Step_Size,Avg_MAPE,Std_MAPE,Avg_MAE,Std_MAE,Avg_RMSE,Std_RMSE,Avg_MSE,Std_MSE,Avg_MASE,Std_MASE
LSTM_wf_best_20_1y_exp,1y,5,1000,200,100,17.763977023784484,6.735357775650589,0.046873174881307,0.012026155947861345,0.05458363665164111,0.01226846424481159,0.0031298886050446,0.001274201908970226,63.80387374047416,19.11043804395253
