Feature_Selection,Expiry,Total_Iterations,Train_Window_Size,Test_Window_Size,Step_Size,Avg_MAPE,Std_MAPE,Avg_MAE,Std_MAE,Avg_RMSE,Std_RMSE,Avg_MSE,Std_MSE,Avg_MASE,Std_MASE
LSTM_wf_best_5_1w_exp,1w,13,1000,200,100,48.85337354381519,11.874021132929244,0.07755953741024466,0.020311158640825337,0.09834937768305221,0.028666267489884715,0.010494354982445268,0.0059836443583297415,2.177659904682501,0.32750841209991993
