Feature_Selection,Expiry,Total_Iterations,Train_Window_Size,Test_Window_Size,Step_Size,Avg_MAPE,Std_MAPE,Avg_MAE,Std_MAE,Avg_RMSE,Std_RMSE,Avg_MSE,Std_MSE,Avg_MASE,Std_MASE
LSTM_wf_vol_only_1m_exp,1m,12,1000,200,100,24.02882772567577,6.167215087556625,0.05284083409167357,0.025873727242508755,0.06701029944813823,0.03404605179315768,0.0056495138748315285,0.005967447035682418,7.163253198417891,1.5730658607444068
