Feature_Selection,Expiry,Total_Iterations,Train_Window_Size,Test_Window_Size,Step_Size,Avg_MAPE,Std_MAPE,Avg_MAE,Std_MAE,Avg_RMSE,Std_RMSE,Avg_MSE,Std_MSE,Avg_MASE,Std_MASE
LSTM_wf_best_5_1y_exp,1y,5,1000,200,100,26.234523031221055,8.844779233419745,0.07405051969201332,0.031239821053307904,0.08195988647157179,0.03287236368082979,0.007798015284397673,0.005349388906601087,99.23295278678958,40.82713523790131
