Feature_Selection,Expiry,Total_Iterations,Train_Window_Size,Test_Window_Size,Step_Size,Avg_MAPE,Std_MAPE,Avg_MAE,Std_MAE,Avg_RMSE,Std_RMSE,Avg_MSE,Std_MSE,Avg_MASE,Std_MASE
LSTM_wf_best_20_1w_exp,1w,13,1000,200,100,47.4874134452825,12.009349588574683,0.07329664122698035,0.022856272859525267,0.09382977802588108,0.030775548666492392,0.009751161640109755,0.005744227649004381,2.0270515740523427,0.3248758903243536
