Feature_Selection,Expiry,Total_Iterations,Train_Window_Size,Test_Window_Size,Step_Size,Avg_MAPE,Std_MAPE,Avg_MAE,Std_MAE,Avg_RMSE,Std_RMSE,Avg_MSE,Std_MSE,Avg_MASE,Std_MASE
LSTM_wf_best_metric_1m_exp,1m,12,1000,200,100,27.556978910667667,12.567057871852318,0.056889608452864504,0.02651432457892996,0.07015473591997594,0.03314751306049069,0.006020444594096965,0.005275746291711616,8.042424451818485,2.9738783511850113
