Feature_Selection,Expiry,Total_Iterations,Train_Window_Size,Test_Window_Size,Step_Size,Avg_MAPE,Std_MAPE,Avg_MAE,Std_MAE,Avg_RMSE,Std_RMSE,Avg_MSE,Std_MSE,Avg_MASE,Std_MASE
LSTM_wf_best_20_3m_exp,3m,11,1000,200,100,22.888380114076217,8.905705072115628,0.05433292819954349,0.02939986996046522,0.06272653789878783,0.03292928700439057,0.005018956499385593,0.004775981938446107,21.618583867023414,8.79006459978806
