Feature_Selection,Expiry,Total_Iterations,Train_Window_Size,Test_Window_Size,Step_Size,Avg_MAPE,Std_MAPE,Avg_MAE,Std_MAE,Avg_RMSE,Std_RMSE,Avg_MSE,Std_MSE,Avg_MASE,Std_MASE
LSTM_wf_best_metric_3m_exp,3m,11,1000,200,100,22.416093955780262,15.119984595750074,0.051401603027343985,0.03273719972389875,0.057713940173823815,0.03435913900922692,0.0045114493238430945,0.004207130231277436,20.572502699022753,12.44654110638954
