Feature_Selection,Expiry,Total_Iterations,Train_Window_Size,Test_Window_Size,Step_Size,Avg_MAPE,Std_MAPE,Avg_MAE,Std_MAE,Avg_RMSE,Std_RMSE,Avg_MSE,Std_MSE,Avg_MASE,Std_MASE
LSTM_wf_best_5_3m_exp,3m,11,1000,200,100,23.65988169250227,13.440393586703415,0.05397655324366695,0.02912422686908507,0.06103326883769113,0.031115308840916935,0.004693222349279522,0.004015353349348795,21.887612251605994,11.086407617610602
