Feature_Selection,Expiry,Total_Iterations,Train_Window_Size,Test_Window_Size,Step_Size,Avg_MAPE,Std_MAPE,Avg_MAE,Std_MAE,Avg_RMSE,Std_RMSE,Avg_MSE,Std_MSE,Avg_MASE,Std_MASE
LSTM_wf_vol_only_1w_exp,1w,13,1000,200,100,45.39823002886304,10.091096220711208,0.07332641674147927,0.02366240998714929,0.09358651968533654,0.03359639142011578,0.009887154183267514,0.007221827082551642,2.0320796602513043,0.3183851817279526
