{"val_loss":0.6002553701400757,"learning_rate":0.0001,"epoch":5,"_timestamp":1.756414114843446e+09,"_wandb":{"runtime":515},"_runtime":515,"_step":4,"train_loss":0.517468030805941}