{"epoch":10,"_timestamp":1.7563869161741283e+09,"_step":9,"train_loss":0.5228129124641419,"val_loss":0.5889343619346619,"_wandb":{"runtime":1933},"_runtime":1933,"learning_rate":0.0001}