{"_wandb":{"runtime":385},"_runtime":385,"_step":4,"train_loss":0.5124344404401451,"val_loss":0.5873278478781382,"learning_rate":0.0001,"epoch":5,"_timestamp":1.756403945325399e+09}