{"train_loss":0.511490353222551,"val_loss":0.5833241989215215,"learning_rate":0.0001,"epoch":5,"_timestamp":1.7564006742154772e+09,"_step":4,"_wandb":{"runtime":448},"_runtime":448}